[
  [
    "lastUpdate",
    "Mon Jan 15 2024 17:39:43 GMT+0200 (Eastern European Standard Time)"
  ],
  [
    "INTERNAL/VIRTUAL_FILE_SYSTEM",
    {
      "src\\macros\\applymotion.mc": {},
      "src\\macros\\customcrafting.mcm": {},
      "src\\macros\\applymotion.mcm": {},
      "src\\macros\\killbosshost.mcm": {},
      "src\\macros\\manacost.mcm": {},
      "src\\macros\\setstatuseffect.mcm": {},
      "src\\macros\\statuseffect.mcm": {},
      "src\\nightmare.mc": {
        "data\\minecraft\\tags\\functions\\load.json": 3940060669,
        "data\\minecraft\\tags\\functions\\tick.json": 678788008,
        "data\\nightmare\\functions\\nightmareversion.mcfunction": 2288212113,
        "data\\nightmare\\functions\\nightmareloaded.mcfunction": 3167937127,
        "data\\nightmare\\functions\\__generated__\\block\\0.mcfunction": 3434445175,
        "data\\nightmare\\functions\\load.mcfunction": 25302110,
        "data\\nightmare\\functions\\__generated__\\block\\1.mcfunction": 3036549921,
        "data\\nightmare\\functions\\tick.mcfunction": 3520491149,
        "data\\nightmare\\functions\\commandfeedback.mcfunction": 1766207705,
        "data\\nightmare\\functions\\monsters\\no_event_overworld_enemies.mcfunction": 3637151522,
        "data\\nightmare\\functions\\monsters\\no_event_nether_enemies.mcfunction": 3567345231,
        "data\\nightmare\\functions\\monsters\\zombie_spawn.mcfunction": 2818535019,
        "data\\nightmare\\functions\\monsters\\husk_spawn.mcfunction": 3210421717,
        "data\\nightmare\\functions\\monsters\\villagerzombie_spawn.mcfunction": 1951931446,
        "data\\nightmare\\functions\\monsters\\drowned_spawn.mcfunction": 2640585702,
        "data\\nightmare\\functions\\monsters\\skeleton_spawn.mcfunction": 3659648661,
        "data\\nightmare\\functions\\monsters\\spider_spawn.mcfunction": 945036885,
        "data\\nightmare\\functions\\monsters\\creeper_spawn.mcfunction": 3531827328,
        "data\\nightmare\\functions\\monsters\\summons\\summoncirlce_vindicator.mcfunction": 2904567623,
        "data\\nightmare\\functions\\monsters\\ghast_spawn.mcfunction": 3985158902,
        "data\\nightmare\\functions\\custom_crafting\\lava_cauldron\\__generated__\\block\\2.mcfunction": 2715432974,
        "data\\nightmare\\functions\\custom_crafting\\lava_cauldron\\rottenhearth_craft_check.mcfunction": 3936056096,
        "data\\nightmare\\functions\\custom_crafting\\lava_cauldron\\rottenhearth_craft.mcfunction": 1565623417,
        "data\\nightmare\\functions\\custom_crafting\\lava_cauldron\\rottenhearth_armor_stand_check.mcfunction": 1563621249,
        "data\\nightmare\\functions\\death\\handle_death.mcfunction": 2205301040,
        "data\\nightmare\\functions\\particles\\summons\\summoncirlce_vindicator.mcfunction": 1853545454,
        "data\\nightmare\\functions\\particles\\summons_schedules\\summoncirlce_vindicator.mcfunction": 913495629,
        "data\\nightmare\\functions\\particles\\effects\\lava_cauldron_craft_success.mcfunction": 1462455675,
        "data\\nightmare\\functions\\particles\\effects\\lava_cauldron_craft_fail.mcfunction": 3207712411,
        "data\\nightmare\\functions\\particles\\effects\\lava_cauldron_craft_start.mcfunction": 953818498,
        "data\\nightmare\\functions\\particles\\mob_schedules\\speedboy_particle.mcfunction": 1570906862,
        "data\\nightmare\\functions\\development\\summonarmorstand.mcfunction": 3379544512,
        "data\\nightmare\\functions\\development\\__generated__\\block\\3.mcfunction": 1815598537,
        "data\\nightmare\\functions\\development\\testwitch.mcfunction": 1432305592,
        "data\\nightmare\\functions\\development\\schedule_witchsummon.mcfunction": 1440875059,
        "data\\nightmare\\functions\\development\\__generated__\\block\\5.mcfunction": 2425547951,
        "data\\nightmare\\functions\\development\\__generated__\\block\\4.mcfunction": 368849137,
        "data\\nightmare\\functions\\development\\witchhurtdetect.mcfunction": 1481971399,
        "data\\nightmare\\functions\\magic\\wands\\checkwand.mcfunction": 1294738364,
        "data\\nightmare\\functions\\magic\\wands\\emeraldwand\\start_raycast.mcfunction": 865666201,
        "data\\nightmare\\functions\\magic\\wands\\emeraldwand\\raycast.mcfunction": 2299601551,
        "data\\nightmare\\functions\\magic\\wands\\emeraldwand\\collide.mcfunction": 4273201934
      },
      "src\\macros": {},
      "src\\macros\\wands.mcm": {},
      "src\\testing.mc": {
        "data\\minecraft\\tags\\functions\\load.json": 2493433450,
        "data\\minecraft\\tags\\functions\\tick.json": 3035976928,
        "data\\nightmare\\functions\\nightmareversion.mcfunction": 2288212113,
        "data\\nightmare\\functions\\nightmareloaded.mcfunction": 3167937127,
        "data\\nightmare\\functions\\__generated__\\block\\0.mcfunction": 3434445175,
        "data\\nightmare\\functions\\load.mcfunction": 3899653418,
        "data\\nightmare\\functions\\__generated__\\block\\1.mcfunction": 3036549921,
        "data\\nightmare\\functions\\tick.mcfunction": 1395725931,
        "data\\nightmare\\functions\\commandfeedback.mcfunction": 1766207705,
        "data\\nightmare\\functions\\monsters\\no_event_overworld_enemies.mcfunction": 3637151522,
        "data\\testing\\functions\\load.mcfunction": 1778257626
      },
      "src\\macros\\datamergelib.mcm": {
        "data\\minecraft\\tags\\functions\\load.json": 3940060669,
        "data\\minecraft\\tags\\functions\\tick.json": 678788008,
        "data\\nightmare\\functions\\nightmareversion.mcfunction": 2288212113,
        "data\\nightmare\\functions\\nightmareloaded.mcfunction": 3167937127,
        "data\\nightmare\\functions\\__generated__\\block\\0.mcfunction": 3434445175,
        "data\\nightmare\\functions\\load.mcfunction": 25302110,
        "data\\nightmare\\functions\\__generated__\\block\\1.mcfunction": 3036549921,
        "data\\nightmare\\functions\\tick.mcfunction": 3520491149,
        "data\\nightmare\\functions\\commandfeedback.mcfunction": 1766207705,
        "data\\nightmare\\functions\\monsters\\no_event_overworld_enemies.mcfunction": 3637151522,
        "data\\nightmare\\functions\\monsters\\no_event_nether_enemies.mcfunction": 3567345231,
        "data\\nightmare\\functions\\monsters\\zombie_spawn.mcfunction": 1055120793,
        "data\\nightmare\\functions\\monsters\\husk_spawn.mcfunction": 64272435,
        "data\\nightmare\\functions\\monsters\\villagerzombie_spawn.mcfunction": 1951931446,
        "data\\nightmare\\functions\\monsters\\drowned_spawn.mcfunction": 2640585702,
        "data\\nightmare\\functions\\monsters\\skeleton_spawn.mcfunction": 3577652247,
        "data\\nightmare\\functions\\monsters\\spider_spawn.mcfunction": 945036885,
        "data\\nightmare\\functions\\monsters\\creeper_spawn.mcfunction": 1798351864,
        "data\\nightmare\\functions\\monsters\\summons\\summoncirlce_vindicator.mcfunction": 2904567623,
        "data\\nightmare\\functions\\monsters\\ghast_spawn.mcfunction": 3985158902,
        "data\\nightmare\\functions\\custom_crafting\\lava_cauldron\\__generated__\\block\\2.mcfunction": 2715432974,
        "data\\nightmare\\functions\\custom_crafting\\lava_cauldron\\rottenhearth_craft_check.mcfunction": 3936056096,
        "data\\nightmare\\functions\\custom_crafting\\lava_cauldron\\rottenhearth_craft.mcfunction": 1565623417,
        "data\\nightmare\\functions\\custom_crafting\\lava_cauldron\\rottenhearth_armor_stand_check.mcfunction": 1563621249,
        "data\\nightmare\\functions\\death\\handle_death.mcfunction": 2205301040,
        "data\\nightmare\\functions\\particles\\summons\\summoncirlce_vindicator.mcfunction": 1853545454,
        "data\\nightmare\\functions\\particles\\summons_schedules\\summoncirlce_vindicator.mcfunction": 913495629,
        "data\\nightmare\\functions\\particles\\effects\\lava_cauldron_craft_success.mcfunction": 1462455675,
        "data\\nightmare\\functions\\particles\\effects\\lava_cauldron_craft_fail.mcfunction": 3207712411,
        "data\\nightmare\\functions\\particles\\effects\\lava_cauldron_craft_start.mcfunction": 953818498,
        "data\\nightmare\\functions\\particles\\mob_schedules\\speedboy_particle.mcfunction": 1570906862,
        "data\\nightmare\\functions\\development\\summonarmorstand.mcfunction": 3379544512,
        "data\\nightmare\\functions\\development\\__generated__\\block\\3.mcfunction": 1815598537,
        "data\\nightmare\\functions\\development\\testwitch.mcfunction": 1432305592,
        "data\\nightmare\\functions\\development\\schedule_witchsummon.mcfunction": 1440875059,
        "data\\nightmare\\functions\\development\\__generated__\\block\\5.mcfunction": 2425547951,
        "data\\nightmare\\functions\\development\\__generated__\\block\\4.mcfunction": 368849137,
        "data\\nightmare\\functions\\development\\witchhurtdetect.mcfunction": 1481971399,
        "data\\nightmare\\functions\\magic\\wands\\checkwand.mcfunction": 1294738364,
        "data\\nightmare\\functions\\magic\\wands\\emeraldwand\\start_raycast.mcfunction": 865666201,
        "data\\nightmare\\functions\\magic\\wands\\emeraldwand\\raycast.mcfunction": 2299601551,
        "data\\nightmare\\functions\\magic\\wands\\emeraldwand\\collide.mcfunction": 4273201934
      }
    }
  ]
]