[
  [
    "lastUpdate",
    "Sat Oct 28 2023 23:11:58 GMT+0300 (Eastern European Summer Time)"
  ],
  [
    "INTERNAL/VIRTUAL_FILE_SYSTEM",
    {
      "src\\macros\\applymotion.mc": {},
      "src\\macros\\customcrafting.mcm": {},
      "src\\macros\\applymotion.mcm": {},
      "src\\macros\\killbosshost.mcm": {},
      "src\\macros\\manacost.mcm": {},
      "src\\macros\\setstatuseffect.mcm": {},
      "src\\macros\\statuseffect.mcm": {},
      "src\\nightmare.mc": {
        "data\\minecraft\\tags\\functions\\load.json": 1839398555,
        "data\\minecraft\\tags\\functions\\tick.json": 678788008,
        "data\\nightmare\\functions\\nightmareversion.mcfunction": 2288212113,
        "data\\nightmare\\functions\\nightmareloaded.mcfunction": 3167937127,
        "data\\nightmare\\functions\\__generated__\\block\\0.mcfunction": 3434445175,
        "data\\nightmare\\functions\\load.mcfunction": 3833105374,
        "data\\nightmare\\functions\\__generated__\\block\\1.mcfunction": 3036549921,
        "data\\nightmare\\functions\\tick.mcfunction": 4142711230,
        "data\\nightmare\\functions\\commandfeedback.mcfunction": 1766207705,
        "data\\nightmare\\functions\\monsters\\no_event_overworld_enemies.mcfunction": 3637151522,
        "data\\nightmare\\functions\\monsters\\zombie_spawn.mcfunction": 296369888,
        "data\\nightmare\\functions\\monsters\\husk_spawn.mcfunction": 64272435,
        "data\\nightmare\\functions\\monsters\\villagerzombie_spawn.mcfunction": 1951931446,
        "data\\nightmare\\functions\\monsters\\drowned_spawn.mcfunction": 2640585702,
        "data\\nightmare\\functions\\monsters\\skeleton_spawn.mcfunction": 3577652247,
        "data\\nightmare\\functions\\monsters\\spider_spawn.mcfunction": 945036885,
        "data\\nightmare\\functions\\monsters\\creeper_spawn.mcfunction": 2811493660,
        "data\\nightmare\\functions\\monsters\\summons\\summoncirlce_vindicator.mcfunction": 2904567623,
        "data\\nightmare\\functions\\particles\\summons\\summoncirlce_vindicator.mcfunction": 1853545454,
        "data\\nightmare\\functions\\particles\\summons_schedules\\summoncirlce_vindicator.mcfunction": 913495629
      },
      "src\\macros": {},
      "src\\macros\\wands.mcm": {},
      "src\\testing.mc": {
        "data\\minecraft\\tags\\functions\\load.json": 2157408477,
        "data\\minecraft\\tags\\functions\\tick.json": 678788008,
        "data\\testing\\functions\\load.mcfunction": 1778257626
      },
      "src\\macros\\datamergelib.mcm": {}
    }
  ]
]