{
  "type": "minecraft:entity",
  "pools": [
    {
      "rolls": 1,
      "entries": [
        {
          "type": "minecraft:item",
          "name": "minecraft:warped_fungus_on_a_stick",
          "functions": [
            {
              "function": "minecraft:set_nbt",
              "tag": "{CustomModelData:72450,potionofillusioner:1b,display:{Name:'[{\"text\":\"Potion of Illusioner\",\"italic\":false,\"color\":\"green\"}]',Lore:['[{\"text\":\"Increase max mana by 3\",\"italic\":false,\"color\":\"blue\"}]']}}"
            }
          ],
          "conditions": [
            {
              "condition": "minecraft:random_chance",
              "chance": 0.1
            }
          ]
        }
      ]
    }
  ]
}
