{
  "type": "minecraft:chest",
  "pools": [
    {
      "bonus_rolls": 0.0,
      "entries": [
        {
          "type": "minecraft:item",
          "functions": [
            {
              "add": false,
              "count": {
                "type": "minecraft:uniform",
                "max": 4.0,
                "min": 1.0
              },
              "function": "minecraft:set_count"
            }
          ],
          "name": "minecraft:coal",
          "weight": 10
        },
        {
          "type": "minecraft:item",
          "functions": [
            {
              "add": false,
              "count": {
                "type": "minecraft:uniform",
                "max": 3.0,
                "min": 1.0
              },
              "function": "minecraft:set_count"
            }
          ],
          "name": "minecraft:gold_nugget",
          "weight": 10
        },
        {
          "type": "minecraft:item",
          "name": "minecraft:emerald"
        },
        {
          "type": "minecraft:item",
          "name": "minecraft:phantom_membrane",
          "weight": 40,
          "functions": [
            {
              "function": "minecraft:set_nbt",
              "tag": "{tempcore9:1b,display:{Name:'[{\"text\":\"dshifuhiusd\",\"italic\":false,\"color\":\"green\",\"obfuscated\":true},{\"text\":\" Core\",\"obfuscated\":false}]',Lore:['[{\"text\":\"Effects: \",\"italic\":false},{\"text\":\"dfgfdgoiudg\",\"obfuscated\":true,\"color\":\"yellow\"},{\"text\":\"\",\"obfuscated\":false,\"color\":\"dark_purple\"}]','[{\"text\":\"Combine with \",\"italic\":true,\"color\":\"yellow\"},{\"text\":\"Basic wand\",\"obfuscated\":true},{\"text\":\"\",\"obfuscated\":false,\"color\":\"dark_purple\",\"italic\":false}]','[{\"text\":\"After more wands, update throw this above crafting\",\"italic\":false,\"color\":\"white\",\"underlined\":true}]','[{\"text\":\"table to refresh\",\"italic\":false,\"color\":\"white\",\"underlined\":true}]']}}"
            }
          ]
        },
        {
          "type": "minecraft:item",
          "functions": [
            {
              "add": false,
              "count": {
                "type": "minecraft:uniform",
                "max": 3.0,
                "min": 2.0
              },
              "function": "minecraft:set_count"
            }
          ],
          "name": "minecraft:wheat",
          "weight": 10
        }
      ],
      "rolls": {
        "type": "minecraft:uniform",
        "max": 8.0,
        "min": 2.0
      }
    },
    {
      "bonus_rolls": 0.0,
      "entries": [
        {
          "type": "minecraft:item",
          "name": "minecraft:golden_apple"
        },
        {
          "type": "minecraft:item",
          "functions": [
            {
              "function": "minecraft:enchant_randomly"
            }
          ],
          "name": "minecraft:book",
          "weight": 5
        },
        {
          "type": "minecraft:item",
          "name": "minecraft:leather_chestplate"
        },
        {
          "type": "minecraft:item",
          "name": "minecraft:golden_helmet"
        },
        {
          "type": "minecraft:item",
          "functions": [
            {
              "function": "minecraft:enchant_randomly"
            }
          ],
          "name": "minecraft:fishing_rod",
          "weight": 5
        },
        {
          "type": "minecraft:item",
          "functions": [
            {
              "decoration": "red_x",
              "function": "minecraft:exploration_map",
              "skip_existing_chunks": false,
              "zoom": 1
            },
            {
              "function": "minecraft:set_name",
              "name": {
                "translate": "filled_map.buried_treasure"
              }
            }
          ],
          "name": "minecraft:map",
          "weight": 10
        }
      ],
      "rolls": 1.0
    }
  ]
}