[
  [
    "lastUpdate",
    "Tue Jan 16 2024 21:13:03 GMT+0200 (Eastern European Standard Time)"
  ],
  [
    "INTERNAL/VIRTUAL_FILE_SYSTEM",
    {
      "src\\macros\\applymotion.mc": {},
      "src\\macros\\customcrafting.mcm": {},
      "src\\macros\\applymotion.mcm": {},
      "src\\macros\\killbosshost.mcm": {},
      "src\\macros\\manacost.mcm": {},
      "src\\macros\\setstatuseffect.mcm": {},
      "src\\macros\\statuseffect.mcm": {},
      "src\\nightmare.mc": {
        "data\\minecraft\\tags\\functions\\load.json": 3940060669,
        "data\\minecraft\\tags\\functions\\tick.json": 678788008,
        "data\\nightmare\\functions\\nightmareversion.mcfunction": 3990293139,
        "data\\nightmare\\functions\\nightmareloaded.mcfunction": 3167937127,
        "data\\nightmare\\functions\\__generated__\\block\\0.mcfunction": 592488284,
        "data\\nightmare\\functions\\load.mcfunction": 1981914516,
        "data\\nightmare\\functions\\__generated__\\block\\1.mcfunction": 3036549921,
        "data\\nightmare\\functions\\tick.mcfunction": 2547269692,
        "data\\nightmare\\functions\\commandfeedback.mcfunction": 1766207705,
        "data\\nightmare\\functions\\monsters\\no_event_overworld_enemies.mcfunction": 3637151522,
        "data\\nightmare\\functions\\monsters\\no_event_nether_enemies.mcfunction": 3567345231,
        "data\\nightmare\\functions\\monsters\\zombie_spawn.mcfunction": 342972655,
        "data\\nightmare\\functions\\monsters\\husk_spawn.mcfunction": 3210421717,
        "data\\nightmare\\functions\\monsters\\villagerzombie_spawn.mcfunction": 1951931446,
        "data\\nightmare\\functions\\monsters\\drowned_spawn.mcfunction": 2640585702,
        "data\\nightmare\\functions\\monsters\\__generated__\\block\\2.mcfunction": 2786590730,
        "data\\nightmare\\functions\\monsters\\skeleton_spawn.mcfunction": 3477441971,
        "data\\nightmare\\functions\\monsters\\spider_spawn.mcfunction": 945036885,
        "data\\nightmare\\functions\\monsters\\creeper_spawn.mcfunction": 1551195631,
        "data\\nightmare\\functions\\monsters\\entities\\snowball_damage\\snowball_check.mcfunction": 467217278,
        "data\\nightmare\\functions\\monsters\\entities\\snowball_damage\\snowball_add_temp_immune.mcfunction": 3232973556,
        "data\\nightmare\\functions\\monsters\\entities\\snowball_damage\\snowball_remove_immune.mcfunction": 410595863,
        "data\\nightmare\\functions\\monsters\\summons\\summoncirlce_vindicator.mcfunction": 2904567623,
        "data\\nightmare\\functions\\monsters\\ghast_spawn.mcfunction": 3985158902,
        "data\\nightmare\\functions\\custom_crafting\\lava_cauldron\\__generated__\\block\\3.mcfunction": 2715432974,
        "data\\nightmare\\functions\\custom_crafting\\lava_cauldron\\rottenhearth_craft_check.mcfunction": 130636865,
        "data\\nightmare\\functions\\custom_crafting\\lava_cauldron\\rottenhearth_craft.mcfunction": 1565623417,
        "data\\nightmare\\functions\\custom_crafting\\lava_cauldron\\rottenhearth_armor_stand_check.mcfunction": 1563621249,
        "data\\nightmare\\functions\\custom_crafting\\crafting_table\\lead_on_a_stick.mcfunction": 3323369955,
        "data\\nightmare\\functions\\custom_crafting\\crafting_table\\stick_horse.mcfunction": 3277230284,
        "data\\nightmare\\functions\\death\\handle_death.mcfunction": 96867341,
        "data\\nightmare\\functions\\particles\\summons\\summoncirlce_vindicator.mcfunction": 1853545454,
        "data\\nightmare\\functions\\particles\\summons_schedules\\summoncirlce_vindicator.mcfunction": 913495629,
        "data\\nightmare\\functions\\particles\\effects\\lava_cauldron_craft_success.mcfunction": 1462455675,
        "data\\nightmare\\functions\\particles\\effects\\lava_cauldron_craft_fail.mcfunction": 3207712411,
        "data\\nightmare\\functions\\particles\\effects\\lava_cauldron_craft_start.mcfunction": 953818498,
        "data\\nightmare\\functions\\particles\\mob_schedules\\speedboy_particle.mcfunction": 1570906862,
        "data\\nightmare\\functions\\development\\summonarmorstand.mcfunction": 3379544512,
        "data\\nightmare\\functions\\development\\__generated__\\block\\4.mcfunction": 1815598537,
        "data\\nightmare\\functions\\development\\testwitch.mcfunction": 1723536159,
        "data\\nightmare\\functions\\development\\schedule_witchsummon.mcfunction": 1440875059,
        "data\\nightmare\\functions\\development\\__generated__\\block\\6.mcfunction": 2425547951,
        "data\\nightmare\\functions\\development\\__generated__\\block\\5.mcfunction": 2065249778,
        "data\\nightmare\\functions\\development\\witchhurtdetect.mcfunction": 1306058182,
        "data\\nightmare\\functions\\templates\\start_raycast.mcfunction": 814091758,
        "data\\nightmare\\functions\\templates\\raycast.mcfunction": 4121599613,
        "data\\nightmare\\functions\\items\\check_items.mcfunction": 1951040826,
        "data\\nightmare\\functions\\items\\lead_on_a_stick\\start_raycast.mcfunction": 8695087,
        "data\\nightmare\\functions\\items\\lead_on_a_stick\\__generated__\\block\\7.mcfunction": 3985298281,
        "data\\nightmare\\functions\\items\\lead_on_a_stick\\raycast.mcfunction": 1749093785,
        "data\\nightmare\\functions\\items\\stick_horse\\start_raycast.mcfunction": 3802810359,
        "data\\nightmare\\functions\\items\\stick_horse\\__generated__\\block\\8.mcfunction": 3664274592,
        "data\\nightmare\\functions\\items\\stick_horse\\raycast.mcfunction": 552000534,
        "data\\nightmare\\functions\\items\\give_items\\lead_on_a_stick.mcfunction": 2991286915,
        "data\\nightmare\\functions\\items\\give_items\\stick_horse.mcfunction": 2820232418
      },
      "src\\macros": {},
      "src\\macros\\wands.mcm": {},
      "src\\testing.mc": {
        "data\\minecraft\\tags\\functions\\load.json": 2157408477,
        "data\\minecraft\\tags\\functions\\tick.json": 678788008,
        "data\\testing\\functions\\load.mcfunction": 1778257626
      },
      "src\\macros\\datamergelib.mcm": {}
    }
  ]
]